<annotation>
	<folder>samples</folder>
	<filename>capture16.png-rgb.png</filename>
	<path>/home/shuban/Desktop/samples/capture16.png-rgb.png</path>
	<source>
		<database>Unknown</database>
	</source>
	<size>
		<width>1920</width>
		<height>1080</height>
		<depth>3</depth>
	</size>
	<segmented>0</segmented>
	<object>
		<name>specimen_block_yellow</name>
		<pose>Unspecified</pose>
		<truncated>0</truncated>
		<difficult>0</difficult>
		<bndbox>
			<xmin>747</xmin>
			<ymin>478</ymin>
			<xmax>948</xmax>
			<ymax>596</ymax>
		</bndbox>
	</object>
</annotation>
